Invoice ID,Date,Quantity,Payment,Total
750-67-8428,05-01-2019,7,Ewallet,548.9715
226-31-3081,08-03-2019,5,Cash,80.22
631-41-3108,03-03-2019,7,Credit card,340.5255
123-19-1176,27-01-2019,8,Ewallet,489.048
373-73-7910,08-02-2019,7,Ewallet,634.3785
699-14-3026,25-03-2019,7,Ewallet,627.6165
355-53-5943,25-02-2019,6,Ewallet,433.692
315-22-5665,24-02-2019,10,Ewallet,772.38
665-32-9167,10-01-2019,2,Credit card,76.146
692-92-5582,20-02-2019,3,Credit card,172.746
351-62-0822,06-02-2019,4,Ewallet,60.816
529-56-3974,09-03-2019,4,Cash,107.142
365-64-0515,12-02-2019,5,Ewallet,246.4875
252-56-2699,07-02-2019,10,Ewallet,453.495
829-34-3910,29-03-2019,10,Cash,749.49
299-46-1805,15-01-2019,6,Cash,590.436
656-95-9349,11-03-2019,7,Credit card,506.6355
765-26-6951,01-01-2019,6,Credit card,457.443
329-62-1586,21-01-2019,3,Credit card,172.2105
319-50-3348,11-03-2019,2,Ewallet,84.63
300-71-4605,25-02-2019,5,Ewallet,451.71
371-85-5789,05-03-2019,3,Ewallet,277.137
273-16-6619,15-03-2019,2,Credit card,69.72
636-48-8204,17-02-2019,5,Ewallet,181.44
549-59-1358,02-03-2019,3,Ewallet,279.1845
227-03-5010,22-03-2019,8,Credit card,441.756
649-29-6775,08-02-2019,1,Cash,35.196
189-17-4241,10-03-2019,2,Credit card,184.107
145-94-9061,25-01-2019,5,Cash,463.89
848-62-7243,15-03-2019,9,Cash,235.2105
871-79-8483,25-02-2019,5,Credit card,494.1825
149-71-6266,28-01-2019,9,Cash,737.7615
640-49-2076,10-01-2019,8,Cash,703.752
595-11-5460,15-03-2019,2,Credit card,202.818
183-56-6882,06-02-2019,4,Ewallet,417.564
232-16-2483,07-01-2019,1,Ewallet,71.526
129-29-8530,10-03-2019,5,Ewallet,328.755
272-65-1806,15-01-2019,9,Ewallet,575.316
333-73-7901,23-03-2019,8,Ewallet,461.328
777-82-7220,03-03-2019,8,Cash,253.008
280-35-5823,17-01-2019,1,Ewallet,91.056
554-53-8700,02-02-2019,2,Cash,117.831
354-25-5821,08-02-2019,6,Cash,435.456
228-96-1411,04-03-2019,8,Cash,829.08
617-15-4209,16-03-2019,2,Cash,32.277
132-32-9879,09-03-2019,4,Cash,394.632
370-41-7321,27-02-2019,9,Credit card,535.7205
727-46-3608,06-02-2019,9,Ewallet,189.0945
669-54-1719,10-02-2019,6,Credit card,119.259
574-22-5561,19-03-2019,10,Ewallet,867.615
326-78-5178,03-02-2019,7,Cash,671.79
162-48-8011,10-02-2019,5,Cash,234.0975
616-24-2851,22-03-2019,4,Ewallet,75.054
778-71-5554,25-01-2019,1,Credit card,16.2015
242-55-6721,07-03-2019,2,Ewallet,33.936
399-46-5918,28-02-2019,8,Cash,722.232
106-35-6779,27-03-2019,2,Cash,93.114
635-40-6220,07-02-2019,8,Ewallet,752.64
817-48-8732,20-01-2019,10,Cash,759.675
120-06-4233,12-03-2019,6,Cash,192.843
285-68-5083,15-02-2019,3,Credit card,77.931
803-83-5989,24-02-2019,6,Ewallet,351.099
347-34-2234,03-02-2019,9,Ewallet,520.4115
199-75-8169,06-03-2019,10,Credit card,166.005
853-23-2453,14-02-2019,4,Cash,318.108
877-22-3308,13-03-2019,10,Cash,166.635
838-78-4295,10-02-2019,2,Ewallet,70.287
109-28-2512,07-01-2019,6,Ewallet,614.943
232-11-3025,24-01-2019,10,Cash,827.085
382-03-4532,02-02-2019,1,Cash,19.2465
393-65-2792,06-01-2019,10,Credit card,939.54
796-12-2025,11-02-2019,10,Cash,652.26
510-95-6347,05-03-2019,3,Ewallet,152.838
841-35-6630,09-03-2019,6,Cash,478.233
287-21-9091,22-01-2019,9,Ewallet,705.6315
732-94-0499,13-01-2019,10,Credit card,437.325
263-10-3913,09-01-2019,9,Credit card,463.428
381-20-0914,12-01-2019,9,Credit card,189.0945
829-49-1914,05-03-2019,10,Ewallet,822.255
756-01-7507,22-01-2019,5,Cash,106.995
870-72-4431,21-01-2019,6,Credit card,624.897
847-38-7188,26-01-2019,3,Ewallet,304.542
480-63-2856,23-01-2019,8,Ewallet,161.7
787-56-0757,23-02-2019,4,Credit card,337.512
360-39-5055,09-03-2019,5,Cash,256.7775
730-50-9884,05-03-2019,7,Ewallet,610.491
362-58-8315,25-03-2019,5,Cash,401.73
633-44-8566,27-03-2019,7,Credit card,362.943
504-35-8843,02-01-2019,1,Cash,44.5935
318-68-5053,27-02-2019,6,Cash,485.037
565-80-5980,23-01-2019,4,Cash,198.996
225-32-0908,26-01-2019,10,Ewallet,471.03
873-51-0671,10-01-2019,7,Ewallet,161.553
152-08-9985,12-03-2019,9,Credit card,608.202
512-91-0811,06-02-2019,1,Credit card,94.2375
594-34-4444,08-03-2019,1,Ewallet,102.018
766-85-7061,29-03-2019,10,Ewallet,922.635
871-39-9221,09-02-2019,6,Cash,78.435
865-92-6136,23-03-2019,3,Ewallet,166.1625
733-01-9107,05-03-2019,6,Cash,521.01
163-56-7055,26-03-2019,1,Cash,51.1455
189-98-2939,01-03-2019,9,Cash,742.2975
551-21-3069,01-02-2019,9,Cash,218.0115
212-62-1842,28-03-2019,6,Cash,367.038
716-39-1409,19-03-2019,7,Cash,223.0725
704-48-3927,12-01-2019,10,Ewallet,931.035
628-34-3388,05-01-2019,6,Credit card,172.494
630-74-5166,22-03-2019,6,Cash,391.419
588-01-7461,24-03-2019,9,Cash,321.111
861-77-0145,03-03-2019,10,Cash,860.685
479-26-8945,05-02-2019,2,Ewallet,34.629
210-67-5886,05-02-2019,3,Credit card,309.3615
227-78-1148,15-02-2019,7,Cash,535.374
645-44-1170,19-01-2019,9,Ewallet,548.7615
237-01-6122,01-02-2019,9,Credit card,763.4655
225-98-1496,02-03-2019,3,Credit card,85.113
291-32-1427,05-03-2019,5,Ewallet,115.185
659-65-8956,16-01-2019,1,Ewallet,53.928
642-32-2990,02-02-2019,10,Ewallet,115.08
378-24-2715,20-01-2019,2,Ewallet,112.224
638-60-7125,14-02-2019,8,Credit card,836.304
659-36-1684,12-01-2019,7,Credit card,419.832
219-22-9386,09-03-2019,9,Credit card,944.622
336-78-2147,13-03-2019,8,Credit card,536.844
268-27-6179,09-03-2019,8,Ewallet,474.348
668-90-8900,10-03-2019,7,Credit card,688.6215
870-54-3162,27-01-2019,5,Cash,169.3125
189-08-9157,08-01-2019,9,Credit card,299.8485
663-86-9076,08-01-2019,8,Ewallet,575.736
549-84-7482,08-02-2019,9,Ewallet,853.146
191-10-6171,25-01-2019,7,Cash,291.207
802-70-5316,06-03-2019,6,Cash,580.419
695-51-0018,10-02-2019,4,Cash,146.328
590-83-4591,17-02-2019,6,Credit card,550.935
483-71-1164,08-03-2019,6,Ewallet,512.19
597-78-7908,18-02-2019,3,Cash,284.193
700-81-1757,18-01-2019,5,Credit card,138.1275
354-39-5160,18-02-2019,6,Cash,216.846
241-72-9525,16-02-2019,10,Cash,545.055
575-30-8091,16-03-2019,8,Ewallet,609
731-81-9469,23-01-2019,10,Credit card,942.9
280-17-4359,25-01-2019,10,Cash,950.25
338-65-2210,05-02-2019,10,Cash,720.3
488-25-4221,22-02-2019,1,Credit card,31.9305
239-10-7476,21-01-2019,6,Ewallet,491.085
458-41-1477,08-03-2019,6,Credit card,291.438
685-64-1609,10-02-2019,10,Ewallet,316.47
568-90-5112,19-03-2019,4,Credit card,277.788
262-47-2794,06-03-2019,8,Credit card,603.624
238-49-0436,27-03-2019,8,Credit card,272.664
608-96-3517,23-03-2019,4,Credit card,384.468
584-86-7256,11-03-2019,7,Credit card,254.016
746-94-0204,29-01-2019,9,Credit card,786.618
214-17-6927,07-02-2019,6,Ewallet,103.824
400-89-4171,28-01-2019,8,Cash,680.148
782-95-9291,20-02-2019,5,Credit card,484.5225
279-74-2924,04-01-2019,1,Cash,75.7785
307-85-2293,07-03-2019,5,Ewallet,263.97
743-04-1105,30-03-2019,9,Ewallet,918.729
423-57-2993,27-03-2019,6,Ewallet,588.357
894-41-5205,19-01-2019,8,Credit card,362.712
275-28-0149,25-02-2019,1,Cash,66.8745
101-17-6199,13-03-2019,7,Credit card,336.5565
423-80-0988,30-01-2019,2,Ewallet,160.44
548-46-9322,20-02-2019,10,Credit card,418.95
505-02-0892,25-02-2019,8,Ewallet,357.588
234-65-2137,16-01-2019,10,Cash,1003.59
687-47-8271,08-02-2019,10,Credit card,1039.29
796-32-9050,19-01-2019,6,Cash,323.064
105-31-1824,01-02-2019,7,Credit card,510.972
249-42-3782,03-01-2019,5,Ewallet,367.5525
316-55-4634,26-01-2019,5,Credit card,420.2625
733-33-4967,03-03-2019,8,Cash,175.14
608-27-6295,19-01-2019,6,Credit card,333.207
414-12-7047,18-01-2019,8,Ewallet,166.236
827-26-2100,21-03-2019,9,Ewallet,319.788
175-54-2529,03-03-2019,8,Credit card,186.228
139-52-2867,13-02-2019,7,Credit card,165.4485
407-63-8975,23-03-2019,6,Ewallet,465.444
342-65-4817,28-01-2019,3,Ewallet,273.42
130-98-8941,09-02-2019,7,Cash,472.311
434-83-9547,23-01-2019,8,Cash,323.148
851-28-6367,23-03-2019,10,Ewallet,162.75
824-88-3614,25-01-2019,8,Ewallet,288.204
586-25-0848,04-03-2019,7,Credit card,90.699
895-66-0685,05-03-2019,3,Ewallet,56.952
305-14-0245,03-03-2019,8,Ewallet,793.716
732-04-5373,08-02-2019,4,Cash,195.174
400-60-7251,10-02-2019,1,Ewallet,77.7735
593-65-1552,28-01-2019,4,Credit card,293.202
284-34-9626,11-02-2019,3,Credit card,242.676
437-58-8131,15-01-2019,2,Ewallet,154.392
286-43-6208,16-03-2019,9,Cash,829.71
641-43-2399,26-01-2019,4,Ewallet,107.31
831-07-6050,19-03-2019,5,Credit card,171.7275
556-86-3144,13-01-2019,1,Cash,78.0045
848-24-9445,26-03-2019,2,Cash,91.77
856-22-8149,23-03-2019,1,Ewallet,26.5545
699-01-4164,12-03-2019,4,Credit card,174.3
420-11-4919,17-02-2019,5,Credit card,374.7975
606-80-4905,29-01-2019,6,Credit card,120.645
542-41-0513,15-03-2019,4,Cash,241.458
426-39-2418,14-01-2019,7,Cash,451.3635
875-46-5808,06-02-2019,10,Ewallet,271.95
394-43-4238,15-02-2019,5,Credit card,93.2925
749-24-1565,03-01-2019,9,Ewallet,217.6335
672-51-8681,04-01-2019,9,Credit card,629.8425
263-87-5680,18-03-2019,10,Ewallet,299.565
573-58-9734,28-03-2019,3,Ewallet,95.6655
817-69-8206,02-03-2019,9,Credit card,942.4485
888-02-0338,25-01-2019,9,Ewallet,247.8735
677-11-0152,16-01-2019,9,Cash,881.307
142-63-6033,20-03-2019,5,Ewallet,484.89
656-16-1063,04-01-2019,3,Credit card,146.223
891-58-8335,11-03-2019,7,Cash,217.6335
802-43-8934,22-03-2019,1,Credit card,19.194
560-30-5617,24-03-2019,5,Cash,130.0425
319-74-2561,21-02-2019,3,Cash,298.116
549-03-9315,12-02-2019,8,Ewallet,796.908
790-29-1172,10-03-2019,3,Credit card,180.621
239-36-3640,31-01-2019,6,Ewallet,285.705
468-01-2051,06-03-2019,7,Ewallet,456.288
389-25-3394,17-02-2019,5,Cash,62.0025
279-62-1445,21-02-2019,1,Cash,13.167
213-72-6612,20-03-2019,2,Cash,90.825
746-68-6593,11-01-2019,2,Credit card,183.036
836-82-5858,26-01-2019,9,Ewallet,655.5465
583-72-1480,31-01-2019,4,Ewallet,155.652
466-61-5506,26-02-2019,6,Cash,571.41
721-86-6247,11-03-2019,8,Ewallet,532.728
289-65-5721,26-01-2019,2,Cash,170.877
545-46-3100,12-03-2019,3,Credit card,33.3585
418-02-5978,11-02-2019,9,Cash,794.6505
269-04-5750,21-02-2019,4,Cash,310.044
157-13-5295,09-03-2019,10,Ewallet,545.37
645-78-8093,20-01-2019,2,Ewallet,195.594
211-30-9270,28-01-2019,5,Credit card,91.4025
755-12-3214,05-03-2019,5,Credit card,232.155
346-84-3103,02-03-2019,5,Cash,69.405
478-06-7835,11-01-2019,1,Ewallet,94.1745
540-11-4336,11-01-2019,9,Credit card,235.683
448-81-5016,11-03-2019,2,Credit card,125.517
142-72-4741,28-02-2019,2,Credit card,195.72
217-58-1179,05-01-2019,4,Cash,263.13
376-02-8238,02-02-2019,8,Credit card,788.508
530-90-9855,01-01-2019,8,Cash,399.756
866-05-7563,09-02-2019,3,Cash,256.41
604-70-6476,23-01-2019,5,Ewallet,94.185
799-71-1548,07-01-2019,4,Credit card,326.424
785-13-7708,14-01-2019,7,Credit card,536.991
845-51-0542,02-02-2019,9,Ewallet,439.8975
662-47-5456,17-03-2019,10,Credit card,369.495
883-17-4236,02-03-2019,2,Credit card,30.219
290-68-2984,16-03-2019,4,Cash,99.75
704-11-6354,06-01-2019,8,Cash,494.76
110-48-7033,29-01-2019,4,Cash,137.004
366-93-0948,31-01-2019,1,Credit card,69.6675
729-09-9681,05-02-2019,6,Ewallet,163.233
151-16-1484,13-02-2019,4,Ewallet,135.45
380-94-4661,07-02-2019,4,Credit card,276.948
850-41-9669,19-03-2019,9,Ewallet,709.317
821-07-3596,07-03-2019,4,Ewallet,69.09
655-85-5130,13-03-2019,4,Cash,160.86
447-15-7839,09-02-2019,10,Cash,233.52
154-74-7179,26-02-2019,1,Ewallet,57.1725
253-12-6086,12-03-2019,7,Credit card,723.24
808-65-0703,14-03-2019,4,Credit card,148.974
571-94-0759,08-01-2019,10,Cash,783.3
144-51-6085,05-01-2019,4,Credit card,297.108
731-14-2199,04-01-2019,10,Ewallet,373.17
783-09-1637,06-03-2019,5,Ewallet,354.0075
687-15-1097,03-01-2019,2,Cash,44.352
126-54-1082,07-01-2019,9,Credit card,203.553
633-91-1052,27-01-2019,2,Cash,25.263
477-24-6490,26-02-2019,6,Ewallet,628.173
566-19-5475,07-01-2019,7,Cash,352.5795
526-86-8552,07-01-2019,10,Cash,229.11
376-56-3573,02-02-2019,4,Ewallet,400.764
537-72-0426,20-03-2019,10,Cash,745.395
828-61-5674,20-03-2019,10,Credit card,462.21
136-08-6195,15-02-2019,8,Credit card,587.664
523-38-0215,06-03-2019,1,Credit card,38.85
490-29-1201,06-01-2019,1,Cash,16.107
667-92-0055,04-03-2019,6,Ewallet,628.929
565-17-3836,12-03-2019,4,Cash,200.214
498-41-1961,20-02-2019,5,Cash,350.07
593-95-4461,24-03-2019,1,Cash,78.603
226-71-3580,31-01-2019,9,Cash,224.4375
283-79-9594,25-01-2019,7,Credit card,356.5485
430-60-3493,03-02-2019,7,Cash,697.368
139-20-0155,24-01-2019,10,Credit card,423.15
558-80-4082,14-03-2019,7,Ewallet,204.6975
278-97-7759,18-02-2019,1,Cash,65.604
316-68-6352,21-01-2019,2,Cash,76.356
585-03-5943,13-03-2019,10,Ewallet,190.155
211-05-0490,03-03-2019,5,Cash,272.58
727-75-6477,29-03-2019,4,Cash,121.128
744-02-5987,10-01-2019,6,Ewallet,493.794
307-83-9164,25-01-2019,4,Cash,252.042
779-06-0012,19-01-2019,1,Cash,93.0405
446-47-6729,02-01-2019,2,Credit card,209.622
573-10-3877,12-03-2019,1,Credit card,40.9605
735-06-4124,25-02-2019,1,Cash,51.0405
439-54-7422,18-03-2019,4,Credit card,214.998
396-90-2219,23-02-2019,8,Cash,125.664
411-77-0180,26-03-2019,7,Ewallet,530.67
286-01-5402,30-03-2019,7,Cash,295.6905
803-17-8013,17-02-2019,8,Cash,745.836
512-98-1403,21-03-2019,3,Ewallet,83.412
848-42-2560,05-03-2019,2,Cash,172.011
532-59-7201,31-01-2019,6,Cash,503.559
181-94-6432,05-02-2019,2,Ewallet,145.593
870-76-1733,01-02-2019,5,Credit card,74.7075
423-64-4619,07-03-2019,9,Cash,146.9475
227-07-4446,10-02-2019,10,Cash,820.365
174-36-3675,14-02-2019,2,Cash,208.677
428-83-5800,09-02-2019,3,Cash,66.402
603-07-0961,10-01-2019,5,Cash,392.6475
704-20-4138,11-03-2019,7,Credit card,218.0745
787-15-1757,18-02-2019,4,Ewallet,185.094
649-11-3678,26-02-2019,9,Cash,216.6885
622-20-1945,18-01-2019,1,Cash,41.391
372-94-8041,15-02-2019,6,Ewallet,96.138
563-91-7120,08-03-2019,5,Cash,324.2925
746-54-5508,17-01-2019,6,Credit card,135.576
276-54-0879,12-03-2019,4,Ewallet,410.508
815-11-1168,09-03-2019,5,Cash,523.845
719-76-3868,12-03-2019,4,Cash,395.892
730-61-8757,25-01-2019,4,Credit card,214.746
340-66-0321,25-03-2019,4,Cash,152.712
868-81-1752,07-02-2019,9,Cash,208.089
634-97-8956,17-02-2019,3,Credit card,103.635
566-71-1091,03-02-2019,5,Cash,404.355
442-48-3607,14-03-2019,2,Credit card,49.308
835-16-0096,24-03-2019,5,Ewallet,77.175
527-09-6272,21-03-2019,5,Credit card,149.3625
898-04-2717,19-03-2019,9,Ewallet,721.98
692-27-8933,24-02-2019,6,Cash,365.085
633-09-3463,28-03-2019,3,Credit card,150.0975
374-17-3652,05-02-2019,9,Credit card,404.649
378-07-7001,10-02-2019,3,Credit card,151.4835
433-75-6987,05-03-2019,7,Ewallet,411.3795
873-95-4984,15-02-2019,7,Cash,565.215
416-13-5917,30-01-2019,5,Ewallet,509.4075
150-89-8043,14-02-2019,3,Cash,140.6475
135-84-8019,27-02-2019,9,Ewallet,736.4385
441-94-7118,04-02-2019,1,Cash,75.5475
725-96-3778,20-01-2019,8,Cash,749.7
531-80-1784,28-03-2019,7,Cash,191.247
400-45-1220,27-02-2019,10,Credit card,141.75
860-79-0874,15-02-2019,10,Credit card,1042.65
834-61-8124,26-01-2019,7,Cash,379.9215
115-99-4379,14-03-2019,7,Credit card,402.2655
565-67-6697,02-03-2019,9,Cash,255.15
320-49-6392,04-03-2019,1,Cash,31.752
889-04-9723,07-01-2019,4,Credit card,374.388
632-90-0281,08-03-2019,10,Credit card,394.275
554-42-2417,09-01-2019,10,Cash,1002.12
453-63-6187,01-03-2019,3,Ewallet,86.625
578-80-7669,16-03-2019,1,Cash,78.7185
612-36-5536,17-02-2019,8,Credit card,680.064
605-72-4132,27-02-2019,8,Cash,793.548
471-41-2823,07-03-2019,2,Ewallet,209.559
462-67-9126,21-01-2019,6,Cash,461.286
272-27-9238,19-02-2019,4,Cash,173.208
834-25-9262,06-01-2019,4,Cash,343.056
122-61-9553,14-03-2019,9,Cash,484.974
468-88-0009,24-03-2019,4,Cash,276.948
613-59-9758,27-01-2019,10,Cash,150.78
254-31-0042,06-03-2019,9,Credit card,203.175
201-86-2184,02-02-2019,7,Cash,193.011
261-12-8671,25-01-2019,2,Credit card,128.016
730-70-9830,14-03-2019,6,Ewallet,441.693
382-25-8917,29-01-2019,6,Cash,265.104
422-29-8786,03-01-2019,5,Credit card,352.2225
667-23-5919,14-01-2019,5,Ewallet,507.675
843-01-4703,05-01-2019,9,Credit card,334.341
743-88-1662,22-02-2019,7,Ewallet,701.8515
595-86-2894,06-02-2019,4,Ewallet,407.316
182-69-8360,30-01-2019,4,Credit card,99.33
289-15-7034,11-01-2019,4,Credit card,345.786
462-78-5240,19-03-2019,2,Cash,55.881
868-52-7573,14-01-2019,5,Cash,523.3725
153-58-4872,01-03-2019,4,Ewallet,314.538
662-72-2873,06-01-2019,5,Ewallet,214.935
525-88-7307,31-01-2019,1,Cash,79.611
689-16-9784,11-03-2019,6,Cash,294.651
725-56-0833,20-02-2019,10,Credit card,339.36
394-41-0748,27-01-2019,9,Ewallet,510.9615
596-42-3999,10-03-2019,7,Credit card,133.917
541-89-9860,15-02-2019,3,Cash,253.512
173-82-9529,26-01-2019,10,Cash,398.475
563-36-9814,13-02-2019,1,Ewallet,80.661
308-47-4913,09-03-2019,10,Credit card,548.73
885-17-6250,06-03-2019,1,Ewallet,83.727
726-27-2396,24-01-2019,5,Ewallet,406.875
316-01-3952,13-03-2019,5,Ewallet,284.9175
760-54-1821,15-03-2019,9,Cash,128.4255
793-10-3222,05-03-2019,6,Credit card,258.678
346-12-3257,04-03-2019,9,Cash,181.818
110-05-6330,25-03-2019,6,Credit card,248.409
651-61-0874,12-03-2019,4,Credit card,194.124
236-86-3015,04-02-2019,1,Ewallet,14.679
831-64-0259,22-02-2019,5,Ewallet,208.6875
587-03-7455,16-02-2019,7,Ewallet,718.7565
882-40-4577,19-01-2019,4,Credit card,282.492
732-67-5346,11-01-2019,5,Credit card,72.3975
725-32-9708,04-01-2019,4,Cash,288.582
256-08-8343,04-03-2019,4,Ewallet,237.426
372-26-1506,28-01-2019,5,Ewallet,125.055
244-08-0162,02-01-2019,10,Cash,359.205
569-71-4390,25-01-2019,2,Ewallet,45.927
132-23-6451,04-01-2019,5,Cash,110.0925
696-90-2548,10-03-2019,3,Ewallet,81.396
472-15-9636,22-03-2019,8,Ewallet,427.812
268-03-6164,25-01-2019,1,Ewallet,100.9155
750-57-9686,08-01-2019,4,Credit card,190.596
186-09-3669,22-01-2019,1,Ewallet,85.5855
848-07-1692,12-01-2019,2,Ewallet,120.162
745-71-3520,04-02-2019,7,Cash,185.367
266-76-6436,28-03-2019,3,Ewallet,121.59
740-22-2500,23-01-2019,3,Cash,264.7575
271-88-8734,08-02-2019,10,Credit card,1020.705
301-81-8610,19-03-2019,8,Credit card,213.528
489-64-4354,09-03-2019,1,Cash,17.094
198-84-7132,02-01-2019,9,Cash,383.7645
269-10-8440,21-01-2019,7,Cash,390.7995
650-98-6268,20-03-2019,3,Credit card,65.7405
741-73-3559,27-02-2019,5,Cash,353.1675
325-77-6186,08-03-2019,10,Ewallet,951.825
286-75-7818,31-01-2019,2,Credit card,145.068
574-57-9721,08-03-2019,2,Ewallet,90.867
459-50-7686,13-01-2019,6,Ewallet,147.798
616-87-0016,09-03-2019,7,Credit card,702.219
837-55-7229,22-02-2019,1,Credit card,49.812
751-69-0068,19-03-2019,9,Ewallet,937.818
257-73-1380,20-01-2019,4,Ewallet,348.306
345-08-4992,08-03-2019,6,Credit card,214.137
549-96-4200,08-03-2019,4,Ewallet,71.568
810-60-6344,07-02-2019,8,Credit card,343.224
450-28-2866,15-01-2019,5,Cash,91.56
394-30-3170,22-03-2019,8,Credit card,742.812
138-17-5109,15-01-2019,9,Credit card,843.0345
192-98-7397,08-01-2019,1,Ewallet,13.419
301-11-9629,15-01-2019,7,Cash,140.385
390-80-5128,28-01-2019,1,Credit card,20.1075
235-46-8343,14-02-2019,10,Credit card,290.43
453-12-7053,10-03-2019,3,Credit card,144.081
296-11-7041,12-01-2019,1,Credit card,28.4235
449-27-2918,26-03-2019,1,Credit card,41.076
891-01-7034,01-01-2019,6,Cash,470.673
744-09-5786,02-01-2019,6,Cash,138.663
727-17-0390,16-03-2019,5,Ewallet,333.9525
568-88-3448,03-03-2019,1,Ewallet,26.25
187-83-5490,31-01-2019,4,Cash,87.234
767-54-1907,13-02-2019,5,Cash,155.19
710-46-4433,15-02-2019,9,Credit card,731.43
533-33-5337,07-02-2019,10,Cash,833.595
325-90-8763,27-01-2019,10,Cash,488.985
729-46-7422,23-02-2019,1,Credit card,37.6845
639-76-1242,03-02-2019,5,Cash,212.73
234-03-4040,03-03-2019,10,Credit card,767.025
326-71-2155,03-02-2019,4,Cash,310.59
320-32-8842,17-03-2019,1,Cash,23.751
470-32-9057,28-03-2019,5,Credit card,269.535
878-30-2331,02-03-2019,10,Credit card,572.775
440-59-5691,08-02-2019,7,Credit card,273.0525
554-53-3790,22-03-2019,6,Cash,233.226
746-19-0921,09-02-2019,1,Ewallet,22.659
233-34-0817,15-02-2019,1,Cash,103.782
767-05-1286,23-01-2019,6,Ewallet,527.751
340-21-9136,25-01-2019,4,Cash,168.21
405-31-3305,02-02-2019,10,Credit card,452.865
731-59-7531,30-03-2019,8,Cash,609.588
676-39-6028,30-03-2019,5,Cash,338.31
502-05-1910,25-02-2019,3,Credit card,205.317
485-30-8700,18-03-2019,5,Credit card,174.615
598-47-9715,07-03-2019,4,Ewallet,353.094
701-69-8742,16-03-2019,10,Ewallet,360.885
575-67-1508,29-01-2019,1,Ewallet,40.53
541-08-3113,02-02-2019,8,Cash,554.148
246-11-3901,15-02-2019,10,Cash,344.4
674-15-9296,08-01-2019,5,Ewallet,194.985
305-18-3552,12-02-2019,10,Cash,633.99
493-65-6248,01-01-2019,10,Credit card,388.29
438-01-4015,21-03-2019,4,Ewallet,207.858
709-58-4068,28-02-2019,10,Cash,431.445
795-49-7276,23-03-2019,4,Ewallet,156.03
556-72-8512,30-01-2019,1,Cash,24.108
627-95-3243,04-02-2019,9,Ewallet,734.076
686-41-0932,13-03-2019,2,Ewallet,72.87
510-09-5628,15-03-2019,10,Credit card,206.43
608-04-3797,05-03-2019,8,Ewallet,212.688
148-82-2527,05-03-2019,10,Credit card,127.26
437-53-3084,26-02-2019,2,Ewallet,209.769
632-32-4574,20-03-2019,8,Cash,637.728
556-97-7101,01-01-2019,2,Cash,132.762
862-59-8517,27-01-2019,6,Cash,568.512
401-18-8016,21-01-2019,1,Cash,103.0365
420-18-8989,02-02-2019,8,Cash,432.768
277-63-2961,03-02-2019,1,Credit card,77.6685
573-98-8548,05-01-2019,1,Ewallet,33.495
620-02-2046,27-01-2019,2,Ewallet,145.74
282-35-2475,25-03-2019,2,Cash,195.951
511-54-3087,25-02-2019,1,Credit card,92.8725
726-29-6793,28-01-2019,8,Ewallet,203.112
387-49-4215,08-01-2019,3,Cash,152.775
862-17-9201,29-01-2019,6,Credit card,529.515
291-21-5991,29-03-2019,5,Cash,321.7725
602-80-9671,09-02-2019,6,Credit card,100.485
347-72-6115,16-01-2019,7,Credit card,666.939
209-61-0206,05-01-2019,5,Ewallet,225.2775
595-27-4851,27-01-2019,7,Ewallet,398.958
189-52-0236,14-03-2019,7,Cash,731.6925
503-07-0930,23-02-2019,7,Credit card,429.1665
413-20-6708,18-03-2019,1,Ewallet,54.0435
425-85-2085,29-03-2019,5,Ewallet,288.015
521-18-7827,22-01-2019,5,Credit card,206.7975
220-28-1851,01-03-2019,2,Ewallet,72.933
600-38-9738,17-01-2019,5,Credit card,377.58
734-91-1155,26-03-2019,3,Credit card,143.9865
451-28-5717,20-03-2019,6,Cash,523.971
609-81-8548,06-02-2019,6,Credit card,235.872
133-14-7229,01-01-2019,2,Cash,132.027
534-01-4457,27-01-2019,6,Credit card,514.773
719-89-8991,25-02-2019,5,Ewallet,479.9025
286-62-6248,16-01-2019,4,Credit card,164.682
339-38-9982,13-01-2019,2,Ewallet,125.706
827-44-5872,07-02-2019,10,Credit card,570.78
827-77-7633,17-02-2019,9,Cash,926.9505
287-83-1405,12-02-2019,6,Ewallet,160.209
435-13-4908,24-01-2019,8,Credit card,728.112
857-67-9057,06-02-2019,10,Ewallet,240.975
236-27-1144,26-03-2019,9,Ewallet,154.1295
892-05-6689,11-03-2019,5,Ewallet,148.68
583-41-4548,07-02-2019,7,Ewallet,122.5245
339-12-4827,05-01-2019,1,Credit card,77.658
643-38-7867,07-03-2019,1,Ewallet,102.837
308-81-0538,25-02-2019,4,Credit card,306.81
358-88-9262,01-02-2019,6,Ewallet,551.124
460-35-4390,22-01-2019,3,Ewallet,96.642
343-87-0864,03-01-2019,1,Credit card,79.674
173-50-1108,13-02-2019,4,Credit card,84.756
243-47-2663,28-01-2019,6,Credit card,118.251
841-18-8232,05-01-2019,1,Credit card,74.76
701-23-5550,19-03-2019,4,Ewallet,163.002
647-50-1224,12-01-2019,10,Ewallet,308.91
541-48-8554,07-01-2019,9,Credit card,575.9775
539-21-7227,26-01-2019,5,Cash,270.585
213-32-1216,23-01-2019,6,Cash,416.178
747-58-7183,09-02-2019,3,Ewallet,180.4005
582-52-8065,22-02-2019,9,Cash,513.2295
210-57-1719,05-02-2019,9,Cash,550.368
399-69-4630,07-03-2019,6,Credit card,139.923
134-75-2619,25-03-2019,7,Cash,142.002
356-44-8813,20-01-2019,3,Credit card,118.062
198-66-9832,04-02-2019,2,Cash,151.284
283-26-5248,30-01-2019,10,Ewallet,1034.46
712-39-0363,02-01-2019,6,Ewallet,262.458
218-59-9410,29-03-2019,3,Ewallet,228.123
174-75-0888,14-03-2019,9,Cash,203.931
866-99-7614,11-02-2019,10,Credit card,936.6
134-54-4720,30-01-2019,8,Ewallet,356.328
760-90-2357,20-03-2019,6,Ewallet,469.413
514-37-2845,20-03-2019,2,Cash,208.425
698-98-5964,17-01-2019,10,Credit card,852.705
718-57-9773,03-02-2019,10,Credit card,517.965
651-88-7328,01-01-2019,9,Cash,621.243
241-11-2261,10-01-2019,7,Credit card,586.971
408-26-9866,02-03-2019,7,Ewallet,543.753
834-83-1826,25-02-2019,5,Credit card,430.71
343-61-3544,29-01-2019,10,Cash,280.035
239-48-4278,10-03-2019,7,Ewallet,74.4555
355-34-6244,13-01-2019,2,Credit card,152.019
550-84-8664,22-03-2019,5,Credit card,451.0275
339-96-8318,01-03-2019,7,Ewallet,597.6285
458-61-0011,20-02-2019,4,Cash,253.26
592-34-6155,14-01-2019,4,Ewallet,133.434
797-88-0493,26-03-2019,4,Cash,269.934
207-73-1363,01-03-2019,2,Ewallet,145.971
390-31-6381,07-01-2019,3,Cash,85.743
443-82-0585,01-02-2019,4,Cash,326.256
339-18-7061,13-02-2019,2,Credit card,195.258
359-90-3665,14-01-2019,4,Credit card,75.936
375-72-3056,19-01-2019,3,Ewallet,198.639
127-47-6963,09-03-2019,4,Credit card,217.182
278-86-2735,27-03-2019,3,Cash,164.871
695-28-6250,04-02-2019,5,Ewallet,226.065
379-17-6588,14-03-2019,10,Cash,625.905
227-50-3718,04-03-2019,5,Cash,76.755
302-15-2162,03-03-2019,6,Credit card,293.139
788-07-8452,27-01-2019,7,Ewallet,178.164
560-49-6611,07-02-2019,1,Cash,47.859
880-35-0356,05-02-2019,3,Ewallet,236.88
585-11-6748,15-03-2019,3,Cash,304.92
470-31-3286,01-03-2019,3,Credit card,46.683
152-68-2907,15-02-2019,3,Credit card,164.43
123-35-4896,17-02-2019,9,Ewallet,440.937
258-69-7810,26-01-2019,5,Cash,193.4625
334-64-2006,24-03-2019,2,Ewallet,147.672
219-61-4139,23-01-2019,1,Ewallet,87.234
881-41-7302,26-01-2019,1,Credit card,68.2395
373-09-4567,14-03-2019,10,Ewallet,814.38
642-30-6693,17-03-2019,6,Ewallet,343.413
484-22-8230,08-01-2019,7,Cash,381.3915
830-58-2383,08-02-2019,4,Cash,133.35
559-98-9873,10-02-2019,7,Ewallet,394.3275
544-32-5024,28-03-2019,4,Credit card,209.118
318-12-0304,23-01-2019,1,Ewallet,32.1405
349-97-8902,17-01-2019,2,Ewallet,121.569
421-95-9805,07-02-2019,1,Credit card,30.408
277-35-5865,09-03-2019,9,Cash,935.2665
789-23-8625,24-01-2019,3,Cash,293.643
284-54-4231,19-01-2019,1,Credit card,84.9765
443-59-0061,03-02-2019,10,Ewallet,708.225
509-29-3912,20-03-2019,9,Ewallet,365.904
327-40-9673,13-01-2019,6,Cash,457.38
840-19-2096,14-03-2019,5,Ewallet,461.5275
828-46-6863,23-01-2019,6,Credit card,620.739
641-96-3695,07-02-2019,6,Ewallet,273.798
420-97-3340,28-03-2019,3,Credit card,225.792
436-54-4512,20-03-2019,1,Cash,96.1905
670-79-6321,17-01-2019,7,Credit card,695.2365
852-62-7105,12-01-2019,10,Credit card,874.125
598-06-7312,16-02-2019,1,Cash,95.9175
135-13-8269,26-01-2019,2,Cash,165.648
816-57-2053,09-03-2019,2,Ewallet,127.827
628-90-8624,14-03-2019,10,Cash,867.09
856-66-2701,25-01-2019,3,Ewallet,167.895
308-39-1707,26-01-2019,1,Credit card,12.6945
149-61-1929,19-01-2019,10,Credit card,673.995
655-07-2265,05-03-2019,3,Ewallet,246.6765
589-02-8023,15-01-2019,2,Credit card,175.917
420-04-7590,18-03-2019,3,Ewallet,314.055
182-88-2763,20-03-2019,3,Credit card,251.7165
188-55-0967,15-01-2019,10,Credit card,697.935
610-46-4100,03-03-2019,7,Credit card,212.7825
318-81-2368,19-03-2019,1,Cash,48.51
364-33-8584,08-03-2019,5,Cash,92.5575
665-63-9737,27-02-2019,3,Ewallet,165.123
695-09-5146,23-02-2019,3,Ewallet,311.1885
155-45-3814,19-03-2019,8,Ewallet,743.82
794-32-2436,27-03-2019,2,Ewallet,116.907
131-15-8856,30-03-2019,8,Credit card,609.168
273-84-2164,16-02-2019,5,Ewallet,63.2625
706-36-6154,18-01-2019,9,Ewallet,182.952
778-89-7974,30-03-2019,6,Cash,442.323
574-31-8277,20-03-2019,1,Cash,35.3115
859-71-0933,16-01-2019,2,Cash,32.529
740-11-5257,24-02-2019,10,Cash,259.77
369-82-2676,15-01-2019,5,Ewallet,397.215
563-47-4072,22-01-2019,6,Cash,351.603
742-04-5161,03-02-2019,10,Cash,764.19
149-15-7606,06-03-2019,9,Ewallet,352.674
133-77-3154,16-02-2019,4,Credit card,252.756
169-52-4504,14-03-2019,3,Credit card,49.4235
250-81-7186,27-02-2019,1,Credit card,104.6745
562-12-5430,18-01-2019,3,Ewallet,277.6725
816-72-8853,29-01-2019,5,Cash,146.6325
491-38-3499,26-02-2019,1,Credit card,58.2225
322-02-2271,03-02-2019,3,Cash,135.3555
842-29-4695,16-01-2019,7,Credit card,125.979
725-67-2480,24-03-2019,6,Credit card,370.125
641-51-2661,12-02-2019,10,Credit card,914.55
714-02-3114,21-02-2019,2,Cash,207.48
518-17-2983,04-02-2019,4,Ewallet,204.246
779-42-2410,20-02-2019,3,Ewallet,181.881
190-14-3147,23-02-2019,4,Ewallet,75.474
408-66-6712,16-02-2019,6,Ewallet,300.573
679-22-6530,17-01-2019,2,Credit card,85.302
588-47-8641,14-01-2019,10,Ewallet,588.42
642-61-4706,30-03-2019,2,Cash,196.14
576-31-4774,02-03-2019,3,Ewallet,231.2415
556-41-6224,15-02-2019,8,Credit card,282.576
811-03-8790,01-03-2019,10,Credit card,477.54
242-11-3142,24-02-2019,2,Cash,175.917
752-23-3760,19-02-2019,7,Credit card,470.988
274-05-5470,23-02-2019,4,Cash,308.574
648-94-3045,07-02-2019,10,Ewallet,618.975
130-67-4723,11-01-2019,6,Ewallet,305.55
528-87-5606,12-02-2019,1,Cash,41.454
320-85-2052,14-01-2019,1,Credit card,36.5505
370-96-0655,09-01-2019,6,Ewallet,310.716
105-10-6182,27-02-2019,2,Ewallet,45.108
510-79-0415,24-01-2019,6,Ewallet,145.404
241-96-5076,08-01-2019,2,Credit card,103.11
767-97-4650,08-01-2019,2,Credit card,136.143
648-83-1321,16-01-2019,10,Cash,667.38
173-57-2300,13-03-2019,2,Cash,153.048
305-03-2383,15-02-2019,3,Cash,211.365
394-55-6384,25-01-2019,9,Cash,663.2955
266-20-6657,12-03-2019,7,Ewallet,404.544
689-05-1884,04-03-2019,10,Cash,510.615
196-01-2849,10-02-2019,7,Cash,539.343
372-62-5264,16-01-2019,9,Cash,497.07
800-09-8606,29-01-2019,5,Cash,458.6925
182-52-7000,01-01-2019,4,Ewallet,113.568
826-58-8051,06-01-2019,4,Ewallet,261.198
868-06-0466,19-02-2019,9,Credit card,657.531
751-41-9720,12-01-2019,10,Ewallet,1023.75
626-43-7888,07-02-2019,8,Ewallet,507.444
176-64-7711,27-03-2019,3,Credit card,101.808
191-29-0321,27-02-2019,10,Credit card,207.585
729-06-2010,06-01-2019,9,Cash,760.4415
640-48-5028,02-03-2019,9,Cash,835.2855
186-79-9562,29-03-2019,7,Cash,527.5095
834-45-5519,31-01-2019,4,Ewallet,180.6
162-65-8559,21-01-2019,1,Cash,72.429
760-27-5490,20-01-2019,8,Ewallet,131.208
445-30-9252,17-01-2019,3,Ewallet,80.955
786-94-2700,28-02-2019,6,Cash,507.906
728-88-7867,19-03-2019,4,Ewallet,317.226
183-21-3799,19-02-2019,9,Ewallet,733.6035
268-20-3585,04-02-2019,9,Ewallet,130.8825
735-32-9839,31-01-2019,8,Ewallet,829.08
258-92-7466,06-02-2019,5,Credit card,187.32
857-16-3520,28-03-2019,7,Ewallet,525.231
482-17-1179,19-01-2019,3,Credit card,37.611
788-21-5741,17-02-2019,3,Credit card,142.947
821-14-9046,18-01-2019,6,Credit card,110.124
418-05-0656,02-02-2019,7,Cash,187.866
678-79-0726,18-01-2019,9,Cash,856.4535
776-68-1096,18-03-2019,3,Credit card,138.978
592-46-1692,11-01-2019,7,Cash,270.2595
434-35-9162,04-02-2019,4,Ewallet,98.028
149-14-0304,06-02-2019,8,Cash,239.4
442-44-6497,08-01-2019,3,Credit card,175.0455
174-64-0215,05-03-2019,10,Credit card,732.27
210-74-9613,16-03-2019,4,Ewallet,408.492
299-29-0180,09-03-2019,7,Cash,383.523
247-11-2470,01-03-2019,4,Credit card,93.744
635-28-5728,28-02-2019,3,Ewallet,176.4
756-49-0168,08-02-2019,1,Ewallet,20.685
438-23-1242,24-01-2019,7,Ewallet,557.718
238-45-6950,01-03-2019,1,Ewallet,56.406
607-65-2441,10-03-2019,10,Credit card,860.475
386-27-7606,23-03-2019,7,Credit card,596.82
137-63-5492,29-01-2019,10,Ewallet,616.98
197-77-7132,12-01-2019,8,Ewallet,769.104
805-86-0265,20-03-2019,9,Cash,887.922
733-29-1227,23-03-2019,7,Cash,408.7335
451-73-2711,14-01-2019,1,Ewallet,89.0715
373-14-0504,12-02-2019,2,Ewallet,150.423
546-80-2899,20-02-2019,2,Ewallet,79.149
345-68-9016,02-01-2019,8,Credit card,266.028
390-17-5806,02-02-2019,1,Cash,40.341
457-13-1708,08-01-2019,10,Credit card,684.915
664-14-2882,30-01-2019,5,Credit card,55.2825
487-79-6868,26-03-2019,9,Credit card,116.1405
314-23-4520,15-01-2019,7,Cash,597.0405
210-30-7976,14-03-2019,4,Ewallet,93.744
585-86-8361,03-02-2019,5,Credit card,143.22
807-14-7833,22-02-2019,10,Ewallet,182.91
775-72-1988,24-01-2019,5,Ewallet,384.72
288-38-3758,25-01-2019,3,Ewallet,267.3405
652-43-6591,09-03-2019,8,Credit card,817.236
785-96-0615,17-02-2019,8,Ewallet,300.216
406-46-7107,11-01-2019,6,Cash,608.076
250-17-5703,27-02-2019,10,Ewallet,197.925
156-95-3964,25-03-2019,4,Ewallet,232.638
842-40-8179,11-02-2019,10,Credit card,810.6
525-09-8450,31-01-2019,10,Credit card,757.365
410-67-1709,20-01-2019,8,Ewallet,536.592
587-73-4862,26-03-2019,5,Ewallet,56.1225
787-87-2010,20-01-2019,4,Credit card,233.1
593-14-4239,05-03-2019,8,Ewallet,801.864
801-88-0346,05-01-2019,3,Credit card,239.589
388-76-2555,13-02-2019,6,Cash,86.247
711-31-1234,16-03-2019,4,Cash,401.688
886-54-6089,15-01-2019,6,Cash,72.009
707-32-7409,26-02-2019,4,Ewallet,401.268
759-98-4285,27-02-2019,7,Credit card,631.1445
201-63-8275,17-02-2019,7,Ewallet,499.7265
471-06-8611,06-02-2019,1,Credit card,55.041
200-16-5952,17-01-2019,2,Cash,137.865
120-54-2248,22-01-2019,5,Credit card,151.515
102-77-2261,05-03-2019,7,Credit card,480.0285
875-31-8302,03-01-2019,1,Cash,98.049
102-06-2002,20-03-2019,5,Cash,132.5625
457-94-0464,31-01-2019,9,Ewallet,830.3715
629-42-4133,19-02-2019,8,Cash,183.12
534-53-3526,11-02-2019,4,Ewallet,397.992
307-04-2070,05-02-2019,1,Credit card,32.151
468-99-7231,03-03-2019,8,Cash,369.684
516-77-6464,24-02-2019,5,Ewallet,53.34
404-91-5964,04-02-2019,7,Credit card,548.163
886-77-9084,19-02-2019,8,Ewallet,603.876
790-38-4466,23-01-2019,5,Credit card,57.6975
704-10-4056,14-01-2019,3,Credit card,190.4805
497-37-6538,17-01-2019,7,Ewallet,432.9885
651-96-5970,03-03-2019,1,Credit card,48.7305
400-80-4065,15-02-2019,4,Credit card,287.91
744-16-7898,15-01-2019,10,Credit card,1022.385
263-12-5321,27-02-2019,7,Credit card,680.61
702-72-0487,26-02-2019,2,Credit card,97.881
605-83-1050,15-03-2019,2,Ewallet,57.078
443-60-9639,24-01-2019,1,Cash,63.9135
864-24-7918,22-02-2019,10,Cash,257.145
359-94-5395,15-03-2019,1,Credit card,97.419
401-09-4232,11-02-2019,5,Ewallet,455.1225
751-15-6198,12-01-2019,6,Ewallet,144.963
324-41-6833,03-03-2019,8,Ewallet,253.68
474-33-8305,23-03-2019,7,Ewallet,495.3165
759-29-9521,04-03-2019,9,Cash,462.672
831-81-6575,23-02-2019,9,Cash,714.3255
220-68-6701,17-03-2019,4,Cash,325.374
618-34-8551,16-01-2019,2,Credit card,195.678
257-60-7754,08-01-2019,4,Cash,210.966
559-61-5987,14-01-2019,1,Cash,18.6375
189-55-2313,31-01-2019,10,Ewallet,652.89
565-91-4567,15-03-2019,8,Ewallet,90.3
380-60-5336,24-02-2019,10,Credit card,422.73
815-04-6282,08-02-2019,5,Credit card,341.0925
674-56-6360,22-03-2019,1,Cash,99.9075
778-34-2523,24-01-2019,8,Cash,408.408
499-27-7781,14-03-2019,8,Ewallet,446.964
477-59-2456,23-01-2019,7,Cash,333.984
832-51-6761,19-01-2019,8,Ewallet,284.592
869-11-3082,27-01-2019,4,Credit card,403.872
190-59-3964,03-02-2019,5,Credit card,247.59
366-43-6862,25-03-2019,4,Ewallet,222.138
186-43-8965,24-02-2019,2,Credit card,100.128
784-21-9238,07-02-2019,1,Cash,10.6785
276-75-6884,04-03-2019,3,Cash,216.4365
109-86-4363,14-02-2019,7,Credit card,441.588
569-76-2760,29-01-2019,4,Credit card,92.442
222-42-0244,28-01-2019,9,Credit card,681.4395
760-53-9233,26-03-2019,3,Credit card,130.032
538-22-0304,24-03-2019,10,Cash,681.975
416-17-9926,01-01-2019,10,Credit card,779.31
237-44-6163,24-01-2019,8,Cash,88.704
636-17-0325,25-02-2019,4,Cash,262.794
343-75-9322,09-01-2019,8,Cash,99.54
528-14-9470,14-02-2019,1,Ewallet,95.865
427-45-9297,12-03-2019,7,Ewallet,299.3655
807-34-3742,26-03-2019,1,Cash,54.999
288-62-1085,09-01-2019,5,Ewallet,202.335
670-71-7306,02-01-2019,6,Credit card,281.169
660-29-7083,15-01-2019,10,Cash,586.635
271-77-8740,01-01-2019,6,Ewallet,184.086
497-36-0989,15-02-2019,3,Cash,163.611
291-59-1384,28-02-2019,1,Cash,63.315
860-73-6466,02-03-2019,2,Credit card,82.887
549-23-9016,13-02-2019,2,Credit card,31.227
896-34-0956,26-01-2019,1,Cash,22.386
804-38-3935,30-01-2019,3,Credit card,295.407
585-90-0249,27-01-2019,1,Ewallet,76.923
862-29-5914,30-01-2019,1,Credit card,23.499
845-94-6841,08-01-2019,9,Cash,688.716
125-45-2293,19-01-2019,6,Cash,624.33
843-73-4724,25-01-2019,1,Cash,77.805
409-33-9708,19-02-2019,2,Ewallet,206.808
658-66-3967,14-01-2019,7,Ewallet,390.9465
866-70-2814,25-02-2019,10,Ewallet,554.295
160-22-2687,23-01-2019,5,Ewallet,503.7375
895-03-6665,16-02-2019,9,Cash,345.0195
770-42-8960,01-01-2019,8,Cash,177.408
748-45-2862,07-03-2019,4,Cash,118.902
234-36-2483,15-02-2019,6,Cash,362.817
316-66-3011,23-01-2019,9,Cash,450.1035
848-95-6252,20-02-2019,1,Ewallet,90.5835
840-76-5966,08-01-2019,2,Ewallet,26.796
152-03-4217,17-03-2019,9,Credit card,106.596
533-66-5566,12-01-2019,7,Cash,375.3645
124-31-1458,08-01-2019,3,Cash,250.7085
176-78-1170,26-01-2019,3,Ewallet,106.5015
361-59-0574,15-03-2019,8,Credit card,760.452
101-81-4070,17-01-2019,2,Ewallet,131.922
631-34-1880,08-01-2019,3,Credit card,76.5765
852-82-2749,06-01-2019,4,Ewallet,271.278
873-14-6353,16-02-2019,7,Credit card,182.427
584-66-4073,13-03-2019,1,Ewallet,59.325
544-55-9589,28-01-2019,10,Cash,225.015
166-19-2553,18-01-2019,6,Cash,561.078
737-88-5876,19-03-2019,4,Credit card,97.818
154-87-7367,15-03-2019,8,Ewallet,548.184
885-56-0389,12-02-2019,1,Cash,54.9675
608-05-3804,25-02-2019,1,Cash,41.7375
448-61-3783,21-03-2019,8,Credit card,756.168
761-49-0439,19-01-2019,8,Ewallet,101.64
490-95-0021,08-01-2019,10,Ewallet,348.705
115-38-7388,30-03-2019,8,Credit card,85.512
311-13-6971,20-02-2019,10,Credit card,335.895
291-55-6563,30-03-2019,6,Ewallet,216.846
548-48-3156,19-03-2019,2,Cash,175.014
460-93-5834,13-01-2019,7,Cash,335.013
325-89-4209,05-02-2019,1,Ewallet,92.295
884-80-6021,23-03-2019,10,Ewallet,771.435
137-74-8729,13-03-2019,8,Ewallet,102.396
880-46-5796,17-03-2019,10,Ewallet,807.66
389-70-2397,21-02-2019,5,Cash,439.215
114-35-5271,07-02-2019,8,Cash,486.444
607-76-6216,02-03-2019,5,Credit card,485.5725
715-20-1673,06-03-2019,5,Cash,148.995
811-35-1094,06-02-2019,6,Credit card,317.835
699-88-1972,28-01-2019,8,Credit card,832.944
781-84-8059,18-01-2019,7,Ewallet,446.439
409-49-6995,05-02-2019,6,Cash,297.801
725-54-0677,02-03-2019,7,Cash,629.16
146-09-5432,09-02-2019,9,Ewallet,331.128
377-79-7592,14-01-2019,9,Credit card,423.738
509-10-0516,09-02-2019,4,Ewallet,193.074
595-94-9924,26-03-2019,5,Credit card,145.5825
865-41-9075,28-01-2019,7,Cash,84.7455
545-07-8534,14-02-2019,2,Ewallet,122.472
118-62-1812,24-03-2019,4,Cash,329.196
450-42-3339,09-02-2019,10,Credit card,888.405
851-98-3555,24-03-2019,5,Credit card,435.12
186-71-5196,27-03-2019,2,Ewallet,167.034
624-01-8356,27-01-2019,10,Credit card,514.605
313-66-9943,27-03-2019,3,Credit card,91.8225
151-27-8496,19-01-2019,4,Ewallet,235.746
453-33-6436,07-02-2019,8,Cash,782.208
522-57-8364,31-01-2019,8,Ewallet,431.256
459-45-2396,25-02-2019,3,Cash,313.74
717-96-4189,02-02-2019,6,Cash,223.587
722-13-2115,14-03-2019,1,Credit card,44.9925
749-81-8133,11-03-2019,4,Cash,397.614
777-67-2495,22-02-2019,3,Ewallet,217.2555
636-98-3364,02-03-2019,3,Ewallet,82.719
246-55-6923,10-03-2019,9,Credit card,338.2155
181-82-6255,08-02-2019,6,Cash,103.131
838-02-1821,22-02-2019,2,Credit card,26.733
887-42-0517,10-01-2019,7,Credit card,611.079
457-12-0244,14-03-2019,6,Ewallet,221.886
226-34-0034,10-01-2019,4,Ewallet,57.876
321-49-7382,15-02-2019,1,Credit card,92.7255
397-25-8725,13-01-2019,9,Credit card,374.409
431-66-2305,15-02-2019,9,Credit card,833.9625
825-94-5922,02-03-2019,2,Ewallet,53.151
641-62-7288,24-03-2019,6,Ewallet,629.496
756-93-1854,02-02-2019,2,Credit card,175.035
243-55-8457,27-02-2019,10,Ewallet,781.62
458-10-8612,20-01-2019,7,Ewallet,470.988
501-61-1753,03-01-2019,6,Ewallet,397.845
235-06-8510,24-01-2019,3,Ewallet,270.018
433-08-7822,05-01-2019,7,Ewallet,579.8415
361-85-2571,30-03-2019,5,Cash,469.77
131-70-8179,17-02-2019,3,Cash,290.0835
500-02-2261,21-03-2019,6,Ewallet,360.927
720-72-2436,02-03-2019,4,Ewallet,279.384
702-83-5291,27-03-2019,9,Cash,943.299
809-69-9497,19-01-2019,10,Ewallet,479.64
449-16-6770,19-02-2019,5,Credit card,266.6475
333-23-2632,28-03-2019,7,Cash,74.088
489-82-1237,05-01-2019,7,Credit card,690.018
859-97-6048,26-03-2019,2,Credit card,176.925
676-10-2200,03-02-2019,1,Ewallet,56.469
373-88-1424,06-02-2019,5,Ewallet,188.0025
365-16-4334,24-02-2019,8,Ewallet,222.012
503-21-4385,21-02-2019,3,Ewallet,125.7165
305-89-2768,09-01-2019,3,Ewallet,68.985
574-80-1489,25-02-2019,4,Ewallet,263.97
784-08-0310,13-01-2019,4,Cash,88.368
200-40-6154,09-02-2019,6,Cash,415.233
846-10-0341,06-01-2019,7,Cash,312.8895
577-34-7579,10-01-2019,9,Cash,477.1305
430-02-3888,07-02-2019,6,Cash,289.926
867-47-1948,09-01-2019,10,Cash,165.9
384-59-6655,19-02-2019,9,Cash,932.337
256-58-3609,18-03-2019,1,Cash,96.579
324-92-3863,05-02-2019,2,Cash,43.869
593-08-5916,19-03-2019,1,Credit card,16.275
364-34-2972,30-03-2019,3,Cash,304.983
794-42-3736,26-01-2019,2,Credit card,69.993
172-42-8274,02-03-2019,2,Credit card,80.367
558-60-5016,04-03-2019,9,Ewallet,314.685
195-06-0432,13-01-2019,3,Credit card,255.1815
605-03-2706,25-03-2019,3,Cash,49.77
214-30-2776,11-03-2019,5,Credit card,181.0725
746-04-1077,01-01-2019,10,Credit card,888.615
448-34-8700,10-02-2019,7,Ewallet,271.2885
452-04-8808,26-01-2019,7,Cash,640.038
531-56-4728,11-02-2019,3,Cash,252.252
744-82-9138,07-02-2019,2,Cash,180.873
883-69-1285,06-03-2019,2,Credit card,104.832
221-25-5073,04-03-2019,4,Cash,313.572
518-71-6847,26-02-2019,6,Ewallet,167.58
156-20-0370,10-03-2019,1,Credit card,26.7225
151-33-7434,04-02-2019,1,Credit card,71.1585
728-47-9078,19-01-2019,4,Cash,250.278
809-46-1866,23-01-2019,4,Cash,244.23
139-32-4183,14-03-2019,9,Ewallet,921.186
148-41-7930,23-01-2019,7,Cash,734.706
189-40-5216,09-01-2019,7,Cash,708.3195
374-38-5555,07-02-2019,5,Ewallet,334.4775
764-44-8999,18-02-2019,2,Ewallet,30.996
552-44-5977,03-01-2019,8,Credit card,520.8
267-62-7380,29-03-2019,10,Ewallet,864.57
430-53-4718,28-01-2019,8,Credit card,633.108
886-18-2897,22-03-2019,5,Credit card,296.94
602-16-6955,24-01-2019,10,Ewallet,804.3
745-74-0715,10-03-2019,2,Ewallet,121.863
690-01-6631,22-02-2019,10,Ewallet,183.645
652-49-6720,18-02-2019,1,Ewallet,63.9975
233-67-5758,29-01-2019,1,Ewallet,42.3675
303-96-2227,02-03-2019,10,Ewallet,1022.49
727-02-1313,09-02-2019,1,Cash,33.432
347-56-2442,22-02-2019,1,Cash,69.111
849-09-3807,18-02-2019,7,Cash,649.299
